file_id,branch_id,model,a,b,fit_rss,fit_r2,pipeline_version
"D4.2__Fig 1__IV_data__IV_BS16_C1S1_Vpp_7p500_FRQ_11_AVG_100_Vgain_2E3_Igain_1E5_Rb_0E0_Rser_0E0_____Temp_2.740E-1K_MEASres_1p4E1_Thu,May2,2019_82950PM",1,odd_cubic,0.0,0.0,4.445187807751335,0.05102259676017129,6.0
"D4.2__Fig 1__IV_data__IV_BS16_C1S1_Vpp_7p500_FRQ_11_AVG_100_Vgain_2E3_Igain_1E5_Rb_0E0_Rser_0E0_____Temp_2.740E-1K_MEASres_1p4E1_Thu,May2,2019_82950PM",1,odd_kink,-0.1999999974696654,7.13838255e-07,4.200019950488926,0.10336206285360683,6.0
D4.2__Fig 2__SQUID_data__IVB_BS30_A1S1_I_coil_+-0.3mA_fine_284mK_191103__IVB__T_1p40K[0.000271500],1,odd_cubic,0.0,0.0,3.604781170763049,0.3739071296656886,6.0
D4.2__Fig 2__SQUID_data__IVB_BS30_A1S1_I_coil_+-0.3mA_fine_284mK_191103__IVB__T_1p40K[0.000271500],1,odd_kink,-0.19999999999964072,2.5072095999999996e-06,3.568920150686812,0.38013561564834675,6.0
D4.2__Fig 2__SQUID_data__IVB_BS30_A1S1_I_coil_+-0.3mA_fine_284mK_191103__IVB__T_1p40K[0.000272250],1,odd_cubic,0.0,0.0,1.3677084667753372,0.7094150258159748,6.0
D4.2__Fig 2__SQUID_data__IVB_BS30_A1S1_I_coil_+-0.3mA_fine_284mK_191103__IVB__T_1p40K[0.000272250],1,odd_kink,-0.1999991235413736,2.5183687500000002e-06,1.3662729072064577,0.7097200265163406,6.0
D4.2__Fig 2__SQUID_data__IVB_BS30_A1S1_I_coil_+-0.3mA_fine_284mK_191103__IVB__T_1p40K[0.000273000],1,odd_cubic,0.0,0.0,62.55087400907959,0.06196650357357947,6.0
D4.2__Fig 2__SQUID_data__IVB_BS30_A1S1_I_coil_+-0.3mA_fine_284mK_191103__IVB__T_1p40K[0.000273000],1,odd_kink,9.271984470075705e-06,3.8245858687615634e-19,62.55087400907954,0.061966503573580134,6.0
D4.2__Fig 2__SQUID_data__IVB_BS30_A1S1_I_coil_+-0.3mA_fine_284mK_191103__IVB__T_1p40K[0.000273750],1,odd_cubic,0.0,0.0,11.678448651431198,0.48299987841741376,6.0
D4.2__Fig 2__SQUID_data__IVB_BS30_A1S1_I_coil_+-0.3mA_fine_284mK_191103__IVB__T_1p40K[0.000273750],1,odd_kink,-0.19999999999155155,2.50707856e-06,11.39965642675385,0.4953418956113502,6.0
D4.2__Fig 2__SQUID_data__IVB_BS30_A1S1_I_coil_+-0.3mA_fine_284mK_191103__IVB__T_1p40K[0.000274500],1,odd_cubic,0.0,0.0,61.97807302707713,0.10211450130758903,6.0
D4.2__Fig 2__SQUID_data__IVB_BS30_A1S1_I_coil_+-0.3mA_fine_284mK_191103__IVB__T_1p40K[0.000274500],1,odd_kink,-1.4176157669255142e-05,1.0971676118952923e-07,61.836221559770905,0.10416952446726135,6.0
D4.2__Fig 2__SQUID_data__IVB_BS30_A1S1_I_coil_+-0.3mA_fine_284mK_191103__IVB__T_1p40K[0.000275250],1,odd_cubic,0.0,0.0,38.76403267228662,0.09781111819714672,6.0
D4.2__Fig 2__SQUID_data__IVB_BS30_A1S1_I_coil_+-0.3mA_fine_284mK_191103__IVB__T_1p40K[0.000275250],1,odd_kink,-0.003125571516650218,2.384272951380848e-06,37.54177308550779,0.12625782339913572,6.0
D4.2__Fig 2__SQUID_data__IVB_BS30_A1S1_I_coil_+-0.3mA_fine_284mK_191103__IVB__T_1p40K[0.000276000],1,odd_cubic,0.0,0.0,68.70966794319146,0.41051749245483227,6.0
D4.2__Fig 2__SQUID_data__IVB_BS30_A1S1_I_coil_+-0.3mA_fine_284mK_191103__IVB__T_1p40K[0.000276000],1,odd_kink,-0.19999999999999896,2.5183575e-06,49.55943876310819,0.5748135144713198,6.0
D4.2__Fig 2__SQUID_data__IVB_BS30_A1S1_I_coil_+-0.3mA_fine_284mK_191103__IVB__T_1p40K[0.000278250],1,odd_cubic,0.0,0.0,97.39177390014093,0.16062442823670953,6.0
D4.2__Fig 2__SQUID_data__IVB_BS30_A1S1_I_coil_+-0.3mA_fine_284mK_191103__IVB__T_1p40K[0.000278250],1,odd_kink,-8.024545447394779e-06,1.0059030207301786e-18,97.39177390014127,0.16062442823670664,6.0
D4.2__Fig 2__SQUID_data__IVB_BS30_A1S1_I_coil_+-0.3mA_fine_284mK_191103__IVB__T_1p40K[0.000279000],1,odd_cubic,0.0,0.0,107.60473249332702,0.015829603651580704,6.0
D4.2__Fig 2__SQUID_data__IVB_BS30_A1S1_I_coil_+-0.3mA_fine_284mK_191103__IVB__T_1p40K[0.000279000],1,odd_kink,9.57404703223557e-06,6.99228962252229e-19,107.60473249332702,0.015829603651580704,6.0
D4.2__Fig 2__SQUID_data__IVB_BS30_A1S1_I_coil_+-0.3mA_fine_284mK_191103__IVB__T_1p40K[0.000279750],1,odd_cubic,0.0,0.0,47.16443668175592,0.02124743573654253,6.0
D4.2__Fig 2__SQUID_data__IVB_BS30_A1S1_I_coil_+-0.3mA_fine_284mK_191103__IVB__T_1p40K[0.000279750],1,odd_kink,3.5366656035094595e-07,3.131905313207287e-13,47.16443668191686,0.021247435733202757,6.0
D4.2__Fig 2__SQUID_data__IVB_BS30_A1S1_I_coil_+-0.3mA_fine_284mK_191103__IVB__T_1p40K[0.000280500],1,odd_cubic,0.0,0.0,102.63775562607265,0.20794893446866536,6.0
D4.2__Fig 2__SQUID_data__IVB_BS30_A1S1_I_coil_+-0.3mA_fine_284mK_191103__IVB__T_1p40K[0.000280500],1,odd_kink,-3.441125658797267e-10,1.875619551321687e-07,102.20819452247403,0.21126383869412046,6.0
D4.2__Fig 2__SQUID_data__IVB_BS30_A1S1_I_coil_+-0.3mA_fine_284mK_191103__IVB__T_1p40K[0.000281250],1,odd_cubic,0.0,0.0,39.63107553015998,0.001994466020471708,6.0
D4.2__Fig 2__SQUID_data__IVB_BS30_A1S1_I_coil_+-0.3mA_fine_284mK_191103__IVB__T_1p40K[0.000281250],1,odd_kink,-0.1999999999994567,5.2607006e-07,39.53406082880754,0.004437528882932362,6.0
D4.2__Fig 2__SQUID_data__IVB_BS30_A1S1_I_coil_+-0.3mA_fine_284mK_191103__IVB__T_1p40K[0.000282000],1,odd_cubic,0.0,0.0,93.86538692675452,0.2611510526967168,6.0
D4.2__Fig 2__SQUID_data__IVB_BS30_A1S1_I_coil_+-0.3mA_fine_284mK_191103__IVB__T_1p40K[0.000282000],1,odd_kink,-9.040113992560232e-06,3.745577541208321e-08,93.78624688758275,0.2617739930216444,6.0
D4.2__Fig 2__SQUID_data__IVB_BS30_A1S1_I_coil_+-0.3mA_fine_284mK_191103__IVB__T_1p40K[0.000282750],1,odd_cubic,0.0,0.0,8.209740354686538,0.22984055161505212,6.0
D4.2__Fig 2__SQUID_data__IVB_BS30_A1S1_I_coil_+-0.3mA_fine_284mK_191103__IVB__T_1p40K[0.000282750],1,odd_kink,-0.1999994355228556,2.50738656e-06,7.3846637311786045,0.3072413620893375,6.0
D4.2__Fig 2__SQUID_data__IVB_BS30_A1S1_I_coil_+-0.3mA_fine_284mK_191103__IVB__T_1p40K[0.000283500],1,odd_cubic,0.0,0.0,7.040984630545374,0.7105704629423886,6.0
D4.2__Fig 2__SQUID_data__IVB_BS30_A1S1_I_coil_+-0.3mA_fine_284mK_191103__IVB__T_1p40K[0.000283500],1,odd_kink,-0.0005732902786306899,4.824870582813902e-07,6.499699931898177,0.7328207287739862,6.0
D4.2__Fig 2__SQUID_data__IVB_BS30_A1S1_I_coil_+-0.3mA_fine_284mK_191103__IVB__T_1p40K[0.000284250],1,odd_cubic,0.0,0.0,129.11854363176764,0.5577733886069745,6.0
D4.2__Fig 2__SQUID_data__IVB_BS30_A1S1_I_coil_+-0.3mA_fine_284mK_191103__IVB__T_1p40K[0.000284250],1,odd_kink,-2.2707277094303958e-05,9.796828743597466e-07,116.1145215473083,0.6023117210504612,6.0
D4.2__Fig 2__SQUID_data__IVB_BS30_A1S1_I_coil_+-0.3mA_fine_284mK_191103__IVB__T_1p40K[0.000285000],1,odd_cubic,0.0,0.0,100.0822361417593,0.37434154500079253,6.0
D4.2__Fig 2__SQUID_data__IVB_BS30_A1S1_I_coil_+-0.3mA_fine_284mK_191103__IVB__T_1p40K[0.000285000],1,odd_kink,-3.0452681478126418e-05,1.4040722073143849e-06,98.09087253377191,0.3867904422911197,6.0
D4.2__Fig 2__SQUID_data__IVB_BS30_A1S1_I_coil_+-0.3mA_fine_284mK_191103__IVB__T_1p40K[0.000285750],1,odd_cubic,0.0,0.0,102.87212320214402,0.5295675260062833,6.0
D4.2__Fig 2__SQUID_data__IVB_BS30_A1S1_I_coil_+-0.3mA_fine_284mK_191103__IVB__T_1p40K[0.000285750],1,odd_kink,-0.0005048927803646141,9.96263289616088e-07,97.72004839586725,0.5531278766812169,6.0
D4.2__Fig 2__SQUID_data__IVB_BS30_A1S1_I_coil_+-0.3mA_fine_284mK_191103__IVB__T_1p40K[0.000286500],1,odd_cubic,0.0,0.0,20.570054354913132,0.5046172548102019,6.0
D4.2__Fig 2__SQUID_data__IVB_BS30_A1S1_I_coil_+-0.3mA_fine_284mK_191103__IVB__T_1p40K[0.000286500],1,odd_kink,-0.0013370951494057486,2.03191619224951e-06,17.334976945529817,0.5825267002745027,6.0
D4.2__Fig 2__SQUID_data__IVB_BS30_A1S1_I_coil_+-0.3mA_fine_284mK_191103__IVB__T_1p40K[0.000287250],1,odd_cubic,0.0,0.0,10.81822934422654,0.4412411013735583,6.0
D4.2__Fig 2__SQUID_data__IVB_BS30_A1S1_I_coil_+-0.3mA_fine_284mK_191103__IVB__T_1p40K[0.000287250],1,odd_kink,-0.0013237584444528922,2.0220856979111434e-06,9.542142724318378,0.5071506630591173,6.0
D4.2__Fig 2__SQUID_data__IVB_BS30_A1S1_I_coil_+-0.3mA_fine_284mK_191103__IVB__T_1p40K[0.000288000],1,odd_cubic,0.0,0.0,5.460728701581438,0.5033782068287638,6.0
D4.2__Fig 2__SQUID_data__IVB_BS30_A1S1_I_coil_+-0.3mA_fine_284mK_191103__IVB__T_1p40K[0.000288000],1,odd_kink,-0.0031391734195418456,2.3477614351330902e-06,4.542950006460017,0.5868448879648474,6.0
D4.2__Fig 2__SQUID_data__IVB_BS30_A1S1_I_coil_+-0.3mA_fine_284mK_191103__IVB__T_1p40K[0.000288750],1,odd_cubic,0.0,0.0,4.604692805143663,0.5426849241406677,6.0
D4.2__Fig 2__SQUID_data__IVB_BS30_A1S1_I_coil_+-0.3mA_fine_284mK_191103__IVB__T_1p40K[0.000288750],1,odd_kink,-0.009493893781950905,2.484902213254673e-06,3.693144128301156,0.6332153829443574,6.0
D4.2__Fig 2__SQUID_data__IVB_BS30_A1S1_I_coil_+-0.3mA_fine_284mK_191103__IVB__T_1p40K[0.000289500],1,odd_cubic,0.0,0.0,22.354182787192507,0.49766324014642016,6.0
D4.2__Fig 2__SQUID_data__IVB_BS30_A1S1_I_coil_+-0.3mA_fine_284mK_191103__IVB__T_1p40K[0.000289500],1,odd_kink,-0.0013461584565157094,2.026347730409602e-06,19.26634112809944,0.5670523289239536,6.0
D4.2__Fig 2__SQUID_data__IVB_BS30_A1S1_I_coil_+-0.3mA_fine_284mK_191103__IVB__T_1p40K[0.000290250],1,odd_cubic,0.0,0.0,39.47307958204114,0.5891003517855727,6.0
D4.2__Fig 2__SQUID_data__IVB_BS30_A1S1_I_coil_+-0.3mA_fine_284mK_191103__IVB__T_1p40K[0.000290250],1,odd_kink,-0.00023148122006353707,8.194159901248403e-07,35.41395234926009,0.6313543124511136,6.0
D4.2__Fig 2__SQUID_data__IVB_BS30_A1S1_I_coil_+-0.3mA_fine_284mK_191103__IVB__T_1p40K[0.000291000],1,odd_cubic,0.0,0.0,12.074924188152881,0.37192197780294955,6.0
D4.2__Fig 2__SQUID_data__IVB_BS30_A1S1_I_coil_+-0.3mA_fine_284mK_191103__IVB__T_1p40K[0.000291000],1,odd_kink,-7.038612001716492e-08,7.515137338984307e-07,11.553372643868059,0.39905051768476707,6.0
D4.2__Fig 2__SQUID_data__IVB_BS30_A1S1_I_coil_+-0.3mA_fine_284mK_191103__IVB__T_1p40K[0.000291750],1,odd_cubic,0.0,0.0,22.877298162993142,0.3841035955283939,6.0
D4.2__Fig 2__SQUID_data__IVB_BS30_A1S1_I_coil_+-0.3mA_fine_284mK_191103__IVB__T_1p40K[0.000291750],1,odd_kink,-0.19999998287088983,2.4626118e-06,20.271047694749733,0.45426836241245416,6.0
D4.2__Fig 2__SQUID_data__IVB_BS30_A1S1_I_coil_+-0.3mA_fine_284mK_191103__IVB__T_1p40K[0.000292500],1,odd_cubic,0.0,0.0,16.515675526274403,0.49739439877187075,6.0
D4.2__Fig 2__SQUID_data__IVB_BS30_A1S1_I_coil_+-0.3mA_fine_284mK_191103__IVB__T_1p40K[0.000292500],1,odd_kink,-0.19999999997023318,2.4514126349999997e-06,13.918530828059827,0.5764307948578771,6.0
D4.2__Fig 2__SQUID_data__IVB_BS30_A1S1_I_coil_+-0.3mA_fine_284mK_191103__IVB__T_1p40K[0.000293250],1,odd_cubic,0.0,0.0,7.678637040211017,0.03229946002740036,6.0
D4.2__Fig 2__SQUID_data__IVB_BS30_A1S1_I_coil_+-0.3mA_fine_284mK_191103__IVB__T_1p40K[0.000293250],1,odd_kink,-0.19999999914259364,2.0259429549999996e-06,7.66390487794809,0.03415608136555481,6.0
D4.2__Fig 2__SQUID_data__IVB_BS30_A1S1_I_coil_+-0.3mA_fine_284mK_191103__IVB__T_1p40K[0.000294000],1,odd_cubic,0.0,0.0,55.79476748881337,0.023753587020071687,6.0
D4.2__Fig 2__SQUID_data__IVB_BS30_A1S1_I_coil_+-0.3mA_fine_284mK_191103__IVB__T_1p40K[0.000294000],1,odd_kink,-8.280872287821618e-06,1.9449519876503074e-19,55.79476748881339,0.023753587020071354,6.0
D4.2__Fig 2__SQUID_data__IVB_BS30_A1S1_I_coil_+-0.3mA_fine_284mK_191103__IVB__T_1p40K[0.000294750],1,odd_cubic,0.0,0.0,133.3444620675833,0.21933226439546472,6.0
D4.2__Fig 2__SQUID_data__IVB_BS30_A1S1_I_coil_+-0.3mA_fine_284mK_191103__IVB__T_1p40K[0.000294750],1,odd_kink,-0.01930288620395518,2.3618675249843943e-06,132.6827573920394,0.22320622723341121,6.0
D4.2__Fig 2__SQUID_data__IVB_BS30_A1S1_I_coil_+-0.3mA_fine_284mK_191103__IVB__T_1p40K[0.000295500],1,odd_cubic,0.0,0.0,99.64318416534724,0.45052577525465565,6.0
D4.2__Fig 2__SQUID_data__IVB_BS30_A1S1_I_coil_+-0.3mA_fine_284mK_191103__IVB__T_1p40K[0.000295500],1,odd_kink,2.925762433745387e-05,4.283903944251111e-24,99.64318416534722,0.45052577525465565,6.0
D4.2__Fig 2__SQUID_data__IVB_BS30_A1S1_I_coil_+-0.3mA_fine_284mK_191103__IVB__T_1p40K[0.000296250],1,odd_cubic,0.0,0.0,40.1884780384537,0.023682909835199828,6.0
D4.2__Fig 2__SQUID_data__IVB_BS30_A1S1_I_coil_+-0.3mA_fine_284mK_191103__IVB__T_1p40K[0.000296250],1,odd_kink,9.623205561315205e-06,1.1099272637576016e-18,40.188478038453816,0.023682909835197052,6.0
D4.2__Fig 2__SQUID_data__IVB_BS30_A1S1_I_coil_+-0.3mA_fine_284mK_191103__IVB__T_1p40K[0.000297000],1,odd_cubic,0.0,0.0,37.628728398072944,0.25207582033358944,6.0
D4.2__Fig 2__SQUID_data__IVB_BS30_A1S1_I_coil_+-0.3mA_fine_284mK_191103__IVB__T_1p40K[0.000297000],1,odd_kink,-7.913588996649009e-06,1.789251323540035e-32,37.6287283980729,0.25207582033359033,6.0
D4.2__Fig 2__SQUID_data__IVB_BS30_A1S1_I_coil_+-0.3mA_fine_284mK_191103__IVB__T_1p40K[0.000297750],1,odd_cubic,0.0,0.0,81.50994388872836,0.017239944170500232,6.0
D4.2__Fig 2__SQUID_data__IVB_BS30_A1S1_I_coil_+-0.3mA_fine_284mK_191103__IVB__T_1p40K[0.000297750],1,odd_kink,-7.94494427488379e-06,4.584419814287707e-19,81.50994388872833,0.017239944170500676,6.0
