file_id,branch_id,model,odd_ratio_post_before,odd_ratio_post_after,odd_ratio_post_reduction,warp_magnitude,pipeline_version
"D4.2__Fig 1__IV_data__IV_BS16_C1S1_Vpp_7p500_FRQ_11_AVG_100_Vgain_2E3_Igain_1E5_Rb_0E0_Rser_0E0_____Temp_2.740E-1K_MEASres_1p4E1_Thu,May2,2019_82950PM",1,odd_cubic,228.22019478274342,228.22019478274342,0.0,0.0,6.0
"D4.2__Fig 1__IV_data__IV_BS16_C1S1_Vpp_7p500_FRQ_11_AVG_100_Vgain_2E3_Igain_1E5_Rb_0E0_Rser_0E0_____Temp_2.740E-1K_MEASres_1p4E1_Thu,May2,2019_82950PM",1,odd_kink,228.22019478274342,228.1393443011106,0.00035426523805123653,0.2000007113079204,6.0
D4.2__Fig 2__SQUID_data__IVB_BS30_A1S1_I_coil_+-0.3mA_fine_284mK_191103__IVB__T_1p40K[0.000271500],1,odd_cubic,155.36015323984788,155.36015323984788,0.0,0.0,6.0
D4.2__Fig 2__SQUID_data__IVB_BS30_A1S1_I_coil_+-0.3mA_fine_284mK_191103__IVB__T_1p40K[0.000271500],1,odd_kink,155.36015323984788,154.15365060585538,0.007765843485812471,0.2000025072092407,6.0
D4.2__Fig 2__SQUID_data__IVB_BS30_A1S1_I_coil_+-0.3mA_fine_284mK_191103__IVB__T_1p40K[0.000272250],1,odd_cubic,120.99815575418916,120.99815575418916,0.0,0.0,6.0
D4.2__Fig 2__SQUID_data__IVB_BS30_A1S1_I_coil_+-0.3mA_fine_284mK_191103__IVB__T_1p40K[0.000272250],1,odd_kink,120.99815575418916,120.33191185010168,0.005506231892004798,0.20000164191012362,6.0
D4.2__Fig 2__SQUID_data__IVB_BS30_A1S1_I_coil_+-0.3mA_fine_284mK_191103__IVB__T_1p40K[0.000273000],1,odd_cubic,194.38995540292814,194.38995540292814,0.0,0.0,6.0
D4.2__Fig 2__SQUID_data__IVB_BS30_A1S1_I_coil_+-0.3mA_fine_284mK_191103__IVB__T_1p40K[0.000273000],1,odd_kink,194.38995540292814,194.38995540292524,1.4913395889680523e-14,9.271984470076087e-06,6.0
D4.2__Fig 2__SQUID_data__IVB_BS30_A1S1_I_coil_+-0.3mA_fine_284mK_191103__IVB__T_1p40K[0.000273750],1,odd_cubic,123.59862223061786,123.59862223061786,0.0,0.0,6.0
D4.2__Fig 2__SQUID_data__IVB_BS30_A1S1_I_coil_+-0.3mA_fine_284mK_191103__IVB__T_1p40K[0.000273750],1,odd_kink,123.59862223061786,124.30251079097722,-0.005694954746712318,0.20000250707011155,6.0
D4.2__Fig 2__SQUID_data__IVB_BS30_A1S1_I_coil_+-0.3mA_fine_284mK_191103__IVB__T_1p40K[0.000274500],1,odd_cubic,73.9098405055504,73.9098405055504,0.0,0.0,6.0
D4.2__Fig 2__SQUID_data__IVB_BS30_A1S1_I_coil_+-0.3mA_fine_284mK_191103__IVB__T_1p40K[0.000274500],1,odd_kink,73.9098405055504,74.69906400602784,-0.010678192444728184,1.4285874430444672e-05,6.0
D4.2__Fig 2__SQUID_data__IVB_BS30_A1S1_I_coil_+-0.3mA_fine_284mK_191103__IVB__T_1p40K[0.000275250],1,odd_cubic,70.39632385211138,70.39632385211138,0.0,0.0,6.0
D4.2__Fig 2__SQUID_data__IVB_BS30_A1S1_I_coil_+-0.3mA_fine_284mK_191103__IVB__T_1p40K[0.000275250],1,odd_kink,70.39632385211138,70.8457126149802,-0.006383696452855939,0.003127955789601599,6.0
D4.2__Fig 2__SQUID_data__IVB_BS30_A1S1_I_coil_+-0.3mA_fine_284mK_191103__IVB__T_1p40K[0.000276000],1,odd_cubic,63.087005783414924,63.087005783414924,0.0,0.0,6.0
D4.2__Fig 2__SQUID_data__IVB_BS30_A1S1_I_coil_+-0.3mA_fine_284mK_191103__IVB__T_1p40K[0.000276000],1,odd_kink,63.087005783414924,63.223920685706794,-0.0021702551990169803,0.20000251835749897,6.0
D4.2__Fig 2__SQUID_data__IVB_BS30_A1S1_I_coil_+-0.3mA_fine_284mK_191103__IVB__T_1p40K[0.000278250],1,odd_cubic,143.69720165277013,143.69720165277013,0.0,0.0,6.0
D4.2__Fig 2__SQUID_data__IVB_BS30_A1S1_I_coil_+-0.3mA_fine_284mK_191103__IVB__T_1p40K[0.000278250],1,odd_kink,143.69720165277013,143.6972016528688,-6.867230120515044e-13,8.024545447395785e-06,6.0
D4.2__Fig 2__SQUID_data__IVB_BS30_A1S1_I_coil_+-0.3mA_fine_284mK_191103__IVB__T_1p40K[0.000279000],1,odd_cubic,355.2101424292057,355.2101424292057,0.0,0.0,6.0
D4.2__Fig 2__SQUID_data__IVB_BS30_A1S1_I_coil_+-0.3mA_fine_284mK_191103__IVB__T_1p40K[0.000279000],1,odd_kink,355.2101424292057,355.2101424289714,6.596336775235773e-13,9.57404703223627e-06,6.0
D4.2__Fig 2__SQUID_data__IVB_BS30_A1S1_I_coil_+-0.3mA_fine_284mK_191103__IVB__T_1p40K[0.000279750],1,odd_cubic,128.0777352719329,128.0777352719329,0.0,0.0,6.0
D4.2__Fig 2__SQUID_data__IVB_BS30_A1S1_I_coil_+-0.3mA_fine_284mK_191103__IVB__T_1p40K[0.000279750],1,odd_kink,128.0777352719329,128.07770922780523,2.0334625392987612e-07,3.5366687354147725e-07,6.0
D4.2__Fig 2__SQUID_data__IVB_BS30_A1S1_I_coil_+-0.3mA_fine_284mK_191103__IVB__T_1p40K[0.000280500],1,odd_cubic,62.2953963450374,62.2953963450374,0.0,0.0,6.0
D4.2__Fig 2__SQUID_data__IVB_BS30_A1S1_I_coil_+-0.3mA_fine_284mK_191103__IVB__T_1p40K[0.000280500],1,odd_kink,62.2953963450374,62.6092158568633,-0.005037603582899386,1.8790606769804845e-07,6.0
D4.2__Fig 2__SQUID_data__IVB_BS30_A1S1_I_coil_+-0.3mA_fine_284mK_191103__IVB__T_1p40K[0.000281250],1,odd_cubic,80.95616386580599,80.95616386580599,0.0,0.0,6.0
D4.2__Fig 2__SQUID_data__IVB_BS30_A1S1_I_coil_+-0.3mA_fine_284mK_191103__IVB__T_1p40K[0.000281250],1,odd_kink,80.95616386580599,80.53785737768519,0.005167073983572094,0.20000052606951668,6.0
D4.2__Fig 2__SQUID_data__IVB_BS30_A1S1_I_coil_+-0.3mA_fine_284mK_191103__IVB__T_1p40K[0.000282000],1,odd_cubic,68.37392983815413,68.37392983815413,0.0,0.0,6.0
D4.2__Fig 2__SQUID_data__IVB_BS30_A1S1_I_coil_+-0.3mA_fine_284mK_191103__IVB__T_1p40K[0.000282000],1,odd_kink,68.37392983815413,68.05121896832989,0.004719794088011525,9.077569767972314e-06,6.0
D4.2__Fig 2__SQUID_data__IVB_BS30_A1S1_I_coil_+-0.3mA_fine_284mK_191103__IVB__T_1p40K[0.000282750],1,odd_cubic,46.64843773557546,46.64843773557546,0.0,0.0,6.0
D4.2__Fig 2__SQUID_data__IVB_BS30_A1S1_I_coil_+-0.3mA_fine_284mK_191103__IVB__T_1p40K[0.000282750],1,odd_kink,46.64843773557546,46.73281577225917,-0.001808807342316639,0.2000019429094156,6.0
D4.2__Fig 2__SQUID_data__IVB_BS30_A1S1_I_coil_+-0.3mA_fine_284mK_191103__IVB__T_1p40K[0.000283500],1,odd_cubic,42.1183089799662,42.1183089799662,0.0,0.0,6.0
D4.2__Fig 2__SQUID_data__IVB_BS30_A1S1_I_coil_+-0.3mA_fine_284mK_191103__IVB__T_1p40K[0.000283500],1,odd_kink,42.1183089799662,42.11444093184044,9.18376881559961e-05,0.0005737727656889713,6.0
D4.2__Fig 2__SQUID_data__IVB_BS30_A1S1_I_coil_+-0.3mA_fine_284mK_191103__IVB__T_1p40K[0.000284250],1,odd_cubic,65.6638186361784,65.6638186361784,0.0,0.0,6.0
D4.2__Fig 2__SQUID_data__IVB_BS30_A1S1_I_coil_+-0.3mA_fine_284mK_191103__IVB__T_1p40K[0.000284250],1,odd_kink,65.6638186361784,65.52426497359811,0.0021252748542316497,2.3686959968663704e-05,6.0
D4.2__Fig 2__SQUID_data__IVB_BS30_A1S1_I_coil_+-0.3mA_fine_284mK_191103__IVB__T_1p40K[0.000285000],1,odd_cubic,76.27160471602164,76.27160471602164,0.0,0.0,6.0
D4.2__Fig 2__SQUID_data__IVB_BS30_A1S1_I_coil_+-0.3mA_fine_284mK_191103__IVB__T_1p40K[0.000285000],1,odd_kink,76.27160471602164,75.9109501034123,0.004728556766992717,3.18567536854408e-05,6.0
D4.2__Fig 2__SQUID_data__IVB_BS30_A1S1_I_coil_+-0.3mA_fine_284mK_191103__IVB__T_1p40K[0.000285750],1,odd_cubic,64.47870570208055,64.47870570208055,0.0,0.0,6.0
D4.2__Fig 2__SQUID_data__IVB_BS30_A1S1_I_coil_+-0.3mA_fine_284mK_191103__IVB__T_1p40K[0.000285750],1,odd_kink,64.47870570208055,64.71758173148939,-0.0037047274260211295,0.0005058890436542302,6.0
D4.2__Fig 2__SQUID_data__IVB_BS30_A1S1_I_coil_+-0.3mA_fine_284mK_191103__IVB__T_1p40K[0.000286500],1,odd_cubic,43.75825550988857,43.75825550988857,0.0,0.0,6.0
D4.2__Fig 2__SQUID_data__IVB_BS30_A1S1_I_coil_+-0.3mA_fine_284mK_191103__IVB__T_1p40K[0.000286500],1,odd_kink,43.75825550988857,43.84659581116636,-0.0020188259392065052,0.001339127065597998,6.0
D4.2__Fig 2__SQUID_data__IVB_BS30_A1S1_I_coil_+-0.3mA_fine_284mK_191103__IVB__T_1p40K[0.000287250],1,odd_cubic,35.92220064651465,35.92220064651465,0.0,0.0,6.0
D4.2__Fig 2__SQUID_data__IVB_BS30_A1S1_I_coil_+-0.3mA_fine_284mK_191103__IVB__T_1p40K[0.000287250],1,odd_kink,35.92220064651465,36.04108619941947,-0.003309528669323017,0.0013257805301508034,6.0
D4.2__Fig 2__SQUID_data__IVB_BS30_A1S1_I_coil_+-0.3mA_fine_284mK_191103__IVB__T_1p40K[0.000288000],1,odd_cubic,30.82012514741332,30.82012514741332,0.0,0.0,6.0
D4.2__Fig 2__SQUID_data__IVB_BS30_A1S1_I_coil_+-0.3mA_fine_284mK_191103__IVB__T_1p40K[0.000288000],1,odd_kink,30.82012514741332,30.654960150776997,0.005358998246968068,0.0031415211809769786,6.0
D4.2__Fig 2__SQUID_data__IVB_BS30_A1S1_I_coil_+-0.3mA_fine_284mK_191103__IVB__T_1p40K[0.000288750],1,odd_cubic,30.69353446258193,30.69353446258193,0.0,0.0,6.0
D4.2__Fig 2__SQUID_data__IVB_BS30_A1S1_I_coil_+-0.3mA_fine_284mK_191103__IVB__T_1p40K[0.000288750],1,odd_kink,30.69353446258193,30.64480433516536,0.0015876349293032716,0.009496378684164159,6.0
D4.2__Fig 2__SQUID_data__IVB_BS30_A1S1_I_coil_+-0.3mA_fine_284mK_191103__IVB__T_1p40K[0.000289500],1,odd_cubic,38.98001621999313,38.98001621999313,0.0,0.0,6.0
D4.2__Fig 2__SQUID_data__IVB_BS30_A1S1_I_coil_+-0.3mA_fine_284mK_191103__IVB__T_1p40K[0.000289500],1,odd_kink,38.98001621999313,38.76413739057498,0.005538192395810912,0.001348184804246119,6.0
D4.2__Fig 2__SQUID_data__IVB_BS30_A1S1_I_coil_+-0.3mA_fine_284mK_191103__IVB__T_1p40K[0.000290250],1,odd_cubic,43.16057575704666,43.16057575704666,0.0,0.0,6.0
D4.2__Fig 2__SQUID_data__IVB_BS30_A1S1_I_coil_+-0.3mA_fine_284mK_191103__IVB__T_1p40K[0.000290250],1,odd_kink,43.16057575704666,43.33003725836019,-0.0039263030749970345,0.0002323006360536619,6.0
D4.2__Fig 2__SQUID_data__IVB_BS30_A1S1_I_coil_+-0.3mA_fine_284mK_191103__IVB__T_1p40K[0.000291000],1,odd_cubic,37.894428588380556,37.894428588380556,0.0,0.0,6.0
D4.2__Fig 2__SQUID_data__IVB_BS30_A1S1_I_coil_+-0.3mA_fine_284mK_191103__IVB__T_1p40K[0.000291000],1,odd_kink,37.894428588380556,37.59530007671643,0.007893733269165856,8.218998539155956e-07,6.0
D4.2__Fig 2__SQUID_data__IVB_BS30_A1S1_I_coil_+-0.3mA_fine_284mK_191103__IVB__T_1p40K[0.000291750],1,odd_cubic,33.377557325149624,33.377557325149624,0.0,0.0,6.0
D4.2__Fig 2__SQUID_data__IVB_BS30_A1S1_I_coil_+-0.3mA_fine_284mK_191103__IVB__T_1p40K[0.000291750],1,odd_kink,33.377557325149624,33.193316178758735,0.005519911016737739,0.20000244548268983,6.0
D4.2__Fig 2__SQUID_data__IVB_BS30_A1S1_I_coil_+-0.3mA_fine_284mK_191103__IVB__T_1p40K[0.000292500],1,odd_cubic,34.749066643900036,34.749066643900036,0.0,0.0,6.0
D4.2__Fig 2__SQUID_data__IVB_BS30_A1S1_I_coil_+-0.3mA_fine_284mK_191103__IVB__T_1p40K[0.000292500],1,odd_kink,34.749066643900036,34.78051492698134,-0.0009050108713300926,0.20000245138286818,6.0
D4.2__Fig 2__SQUID_data__IVB_BS30_A1S1_I_coil_+-0.3mA_fine_284mK_191103__IVB__T_1p40K[0.000293250],1,odd_cubic,79.38632361240794,79.38632361240794,0.0,0.0,6.0
D4.2__Fig 2__SQUID_data__IVB_BS30_A1S1_I_coil_+-0.3mA_fine_284mK_191103__IVB__T_1p40K[0.000293250],1,odd_kink,79.38632361240794,80.32940330824735,-0.011879624259259864,0.20000202508554865,6.0
D4.2__Fig 2__SQUID_data__IVB_BS30_A1S1_I_coil_+-0.3mA_fine_284mK_191103__IVB__T_1p40K[0.000294000],1,odd_cubic,67.3739770249014,67.3739770249014,0.0,0.0,6.0
D4.2__Fig 2__SQUID_data__IVB_BS30_A1S1_I_coil_+-0.3mA_fine_284mK_191103__IVB__T_1p40K[0.000294000],1,odd_kink,67.3739770249014,67.37397702490459,-4.745812036208991e-14,8.280872287821813e-06,6.0
D4.2__Fig 2__SQUID_data__IVB_BS30_A1S1_I_coil_+-0.3mA_fine_284mK_191103__IVB__T_1p40K[0.000294750],1,odd_cubic,56.49664840970754,56.49664840970754,0.0,0.0,6.0
D4.2__Fig 2__SQUID_data__IVB_BS30_A1S1_I_coil_+-0.3mA_fine_284mK_191103__IVB__T_1p40K[0.000294750],1,odd_kink,56.49664840970754,53.02997132582636,0.06136075646012159,0.019305248071480166,6.0
D4.2__Fig 2__SQUID_data__IVB_BS30_A1S1_I_coil_+-0.3mA_fine_284mK_191103__IVB__T_1p40K[0.000295500],1,odd_cubic,53.733363226846585,53.733363226846585,0.0,0.0,6.0
D4.2__Fig 2__SQUID_data__IVB_BS30_A1S1_I_coil_+-0.3mA_fine_284mK_191103__IVB__T_1p40K[0.000295500],1,odd_kink,53.733363226846585,53.73336322684654,7.934095613115405e-16,2.925762433745387e-05,6.0
D4.2__Fig 2__SQUID_data__IVB_BS30_A1S1_I_coil_+-0.3mA_fine_284mK_191103__IVB__T_1p40K[0.000296250],1,odd_cubic,69.2103694602324,69.2103694602324,0.0,0.0,6.0
D4.2__Fig 2__SQUID_data__IVB_BS30_A1S1_I_coil_+-0.3mA_fine_284mK_191103__IVB__T_1p40K[0.000296250],1,odd_kink,69.2103694602324,69.21036946023273,-4.722553296546852e-15,9.623205561316315e-06,6.0
D4.2__Fig 2__SQUID_data__IVB_BS30_A1S1_I_coil_+-0.3mA_fine_284mK_191103__IVB__T_1p40K[0.000297000],1,odd_cubic,55.98034931439645,55.98034931439645,0.0,0.0,6.0
D4.2__Fig 2__SQUID_data__IVB_BS30_A1S1_I_coil_+-0.3mA_fine_284mK_191103__IVB__T_1p40K[0.000297000],1,odd_kink,55.98034931439645,55.9803493143966,-2.6654705863231854e-15,7.913588996649009e-06,6.0
D4.2__Fig 2__SQUID_data__IVB_BS30_A1S1_I_coil_+-0.3mA_fine_284mK_191103__IVB__T_1p40K[0.000297750],1,odd_cubic,58.00599448118773,58.00599448118773,0.0,0.0,6.0
D4.2__Fig 2__SQUID_data__IVB_BS30_A1S1_I_coil_+-0.3mA_fine_284mK_191103__IVB__T_1p40K[0.000297750],1,odd_kink,58.00599448118773,58.005994481190754,-5.218274561812233e-14,7.94494427488425e-06,6.0
